PROGRESS,ORCH_1_Dstop,ORCH_1_Drestart,ORCH_1_Fstop,ORCH_1_Frestart,PSCS__TAU,HUM_1_VEL,HUM_2_VEL,HUM_1_FW,HUM_1_FTG,HUM_2_FW,HUM_2_FTG,HUM_1_POS,HUM_2_POS,ROB_1_VEL,ROB_1_CHG,PRSCS_LOWER_BOUND,PRSCS_UPPER_BOUND,FTG_HUM_1,FTG_HUM_2,SCS,FTG
0,7.384707171110276,3.3326643733195627,0.7719950607530492,0.2377901754911449,696.4453512581233,95.2400509361301,68.74372436230415,distr,,free,,"283.37, 226.93","226.93, 775.95",83.06792823582607,12.17367891,,,,,0.5402219335476188,0.0185955666666666
0,7.384707171110276,3.3326643733195627,0.7719950607530492,0.2377901754911449,696.4453512581233,95.2400509361301,68.74372436230415,distr,,free,,"283.37, 226.93","226.93, 775.95",83.06792823582607,12.17363616,,,,,0.5402219335476188,0.0185955666666666
3,5.99419405853626,3.3856468865937988,0.7286059846043133,0.3058403895768825,367.4550995295319,45.57696562057739,96.05343268117616,distr,,free,,"393.08, 160.03","160.03, 194.36",75.45970434359312,12.11337733,,,,,0.8160027945714292,0.0294709999999999
0,7.384707171110276,3.3326643733195627,0.7719950607530492,0.2377901754911449,696.4453512581233,95.2400509361301,68.74372436230415,distr,,free,,"283.37, 226.93","226.93, 775.95",83.06792823582607,12.17363616,,,,,0.5402219335476188,0.0185955666666666
3,5.003777227009032,3.5917480442876286,0.7322008073021559,0.3336387722655543,448.0751273016986,50.448846780704514,55.91935943956502,distr,,free,,"283.37, 226.93","226.93, 194.36",38.71748935131546,11.99911534,,,,,0.887815063000001,0.0336531666666666
0,7.384707171110276,3.3326643733195627,0.7719950607530492,0.2377901754911449,696.4453512581233,95.2400509361301,68.74372436230415,distr,,free,,"283.37, 226.93","226.93, 775.95",83.06792823582607,12.17363616,,,,,0.5402219335476188,0.0185955666666666
3,6.04829102704577,3.902823418831937,0.753914370881086,0.3134221517236806,365.9493835903251,44.71708781380663,74.49742012217442,distr,,free,,"386.67, 164.94","164.94, 194.36",75.37868414195488,12.11336319,,,,,0.804165173071429,0.023562
3,6.596705935327821,3.4316303289372527,0.6019894612582867,0.2865359174364809,457.7096742935837,50.239099030260526,62.70750899160278,distr,,free,,"386.67, 164.94","164.94, 194.36",34.786600932928465,12.05502496,,,,,0.8469339880000005,0.0330598333333333
3,6.834724932521933,3.3337904905070337,0.7626891570787052,0.2681352739559797,575.2104540223776,54.17514242442537,52.63502958779171,distr,,free,,"386.67, 164.94","164.94, 194.36",66.39509491988696,11.99915234,,,,,0.8326802230000004,0.0249695833333333
0,7.260059093663679,4.018569826357644,0.6281736076061419,0.3258395857382913,352.2085873848422,54.702325387380206,44.90099596620563,distr,,free,,"3115.69, 584.43","584.43, 411.75",79.73582343775423,11.22286933,,,,,0.1949500479233334,0.0395842369047619
0,7.260059093663679,4.018569826357644,0.6281736076061419,0.3258395857382913,352.2085873848422,54.702325387380206,44.90099596620563,distr,,free,,"3115.69, 584.43","584.43, 411.75",79.73582343775423,11.22282963,,,,,0.1949500479233334,0.0395842369047619
0,5.012059614995335,3.293673482027552,0.7003609387079871,0.2536878263231279,567.5894431634422,70.18121267132025,60.68084896631229,distr,,free,,"925.36, 181.87","181.87, 411.75",82.43987106562119,11.16857777,,,,,0.6375610709880946,0.036470394047619
0,7.260059093663679,4.018569826357644,0.6281736076061419,0.3258395857382913,352.2085873848422,54.702325387380206,44.90099596620563,distr,,free,,"3115.69, 584.43","584.43, 411.75",79.73582343775423,11.22282963,,,,,0.1949500479233334,0.0395842369047619
0,7.49401598969073,3.133060239018304,0.6733120409577643,0.2624435207393072,593.9513547786049,53.81709452280074,90.0982841287552,distr,,free,,"1909.3, 165.27","165.27, 411.75",79.36931211371937,11.16857676,,,,,0.4737905572857139,0.0303726023809524
0,7.260059093663679,4.018569826357644,0.6281736076061419,0.3258395857382913,352.2085873848422,54.702325387380206,44.90099596620563,distr,,free,,"3115.69, 584.43","584.43, 411.75",79.73582343775423,11.22282963,,,,,0.1949500479233334,0.0395842369047619
0,7.494520272987505,3.02366926415987,0.7199663789527236,0.1960365562263066,559.0127721999868,69.52242503819474,70.187048419486,distr,,free,,"548.54, 194.9","194.9, 411.75",82.29670133985528,11.16858303,,,,,0.3566941500709522,0.0255978773809523
0,5.110788059494767,2.9881745060101426,0.7246125570063624,0.3525522135158904,499.24538540769805,52.97730595388308,39.169553906779406,distr,,free,,"1867.55, 234.08","234.08, 560.55",81.65965665030953,11.9281727,,,,,0.7720425059285716,0.0325500291666666
0,5.082408415806347,2.9880583675353565,0.7595408474431725,0.354062704888201,499.41955794651466,30.278139137073687,31.410892445736117,distr,,free,,"1867.55, 234.08","234.08, 560.55",75.32730109940363,11.92814216,,,,,0.7431689261785714,0.0326453458333333
3,5.998502789452144,3.772575953470548,0.7111455698122626,0.354972407197353,343.6298877112271,66.4964138212728,55.84393950334761,distr,,free,,"489.61, 175.89","175.89, 195.34",78.71419674293162,11.8433051,,,,,0.9136588730000011,0.0289409666666666
0,5.082408415806347,2.9880583675353565,0.7595408474431725,0.354062704888201,499.41955794651466,30.278139137073687,31.410892445736117,distr,,free,,"1867.55, 234.08","234.08, 560.55",75.32730109940363,11.92814216,,,,,0.7431689261785714,0.0326453458333333
0,5.082408415806347,2.9880583675353565,0.7595408474431725,0.354062704888201,499.41955794651466,30.278139137073687,31.410892445736117,distr,,free,,"1867.55, 234.08","234.08, 560.55",75.32730109940363,11.92814216,,,,,0.7431689261785714,0.0326453458333333
1,6.642539203089946,3.770646144458464,0.5175039960893016,0.3272592628588237,522.1534135718156,38.317051611386646,57.85898385507381,foc,,distr,,"58.26, 254.49","254.49, 213.81",54.83558935314586,11.52248231,,,,,0.7610130141666667,0.1094839999999999
4,6.571760353460836,3.744704662608896,0.5075770496766275,0.3835742700723705,271.0699703460824,80.23462826347475,66.76455169106545,foc,,distr,,"1916.89, 183.23","183.23, 200.64",37.9692224508051,11.47056211,,,,,0.8893136840000012,0.0528408999999999
0,7.426198384350245,2.014543025378924,0.6866012075704009,0.3959589167556597,500.0464133006304,33.19646380021309,88.46834635856368,free,,free,,"3992.77, 789.41","789.41, 767.97",78.33911890216484,11.19722639,,,,,0.3959146291666664,0.0724372738095238
0,7.426198384350245,2.014543025378924,0.6866012075704009,0.3959589167556597,500.0464133006304,33.19646380021309,88.46834635856368,free,,free,,"3992.77, 789.41","789.41, 767.97",78.33911890216484,11.19720196,,,,,0.3959146291666664,0.0724269404761905
0,7.426198384350245,2.014543025378924,0.6866012075704009,0.3959589167556597,500.0464133006304,33.19646380021309,88.46834635856368,free,,free,,"3992.77, 789.41","789.41, 767.97",78.33911890216484,11.19720196,,,,,0.3959146291666664,0.0724269404761905
0,7.232643584979828,3.370632629011096,0.6464641497935968,0.3948896893896407,463.6730920610564,55.26043929006501,84.16848673718745,distr,,foc,,"4231.44, 255.66","255.66, 361.91",50.4422240361786,11.53259813,,,,,0.6798625598214282,0.0672794666666666
0,7.232643584979828,3.370632629011096,0.6464641497935968,0.3948896893896407,463.6730920610564,55.26043929006501,84.16848673718745,distr,,foc,,"4231.44, 255.66","255.66, 361.91",50.4422240361786,11.53255844,,,,,0.6798625598214282,0.0672794666666666
0,5.160441699908265,3.431435359082528,0.5149754480640353,0.3600179338512087,506.2066979292067,56.90222589748084,51.95503526158108,distr,,foc,,"1786.86, 164.57","164.57, 361.91",67.65241251295443,11.47528921,,,,,0.7751723103333338,0.0343139333333333
4,5.363401769164712,3.7133855267232487,0.736313997283985,0.3885444443197915,274.0377293572003,88.69855045117033,77.68331319597665,distr,,foc,,"1114.93, 151.18","151.18, 194.16",43.4416578939491,11.36610405,,,,,0.7393119385000005,0.0452599
0,7.232643584979828,3.370632629011096,0.6464641497935968,0.3948896893896407,463.6730920610564,55.26043929006501,84.16848673718745,distr,,foc,,"4231.44, 255.66","255.66, 361.91",50.4422240361786,11.53255844,,,,,0.6798625598214282,0.0672794666666666
0,5.178218237940877,3.51720128049232,0.7337317027354491,0.373190438765577,500.929700432392,36.81715315486843,46.5598047009445,distr,,foc,,"266.63, 131.84","131.84, 361.91",82.62463434657707,11.47529288,,,,,0.7213143315952384,0.0217184666666666
0,5.239726065244254,3.5485343255625703,0.5126496536047505,0.3586532652990175,451.40417032577614,38.95874462266444,59.81527819723403,distr,,foc,,"266.04, 133.01","133.01, 361.91",46.79860112264749,11.4198241,,,,,0.7618719087738098,0.0284285666666666
0,5.130345306583865,3.415279957210549,0.6526061408335684,0.3816341268116566,473.8642339685617,30.855173811234536,44.95165305593639,distr,,foc,,"266.04, 133.02","133.02, 361.91",46.29628354525945,11.36611201,,,,,0.7677121787500006,0.0323832333333333
0,7.232643584979828,3.370632629011096,0.6464641497935968,0.3948896893896407,463.6730920610564,55.26043929006501,84.16848673718745,distr,,foc,,"4231.44, 255.66","255.66, 361.91",50.4422240361786,11.53255844,,,,,0.6798625598214282,0.0672794666666666
0,5.293465015036449,3.419295047134463,0.7327511018819711,0.2994062815192704,496.3300590845096,49.60832636772189,48.1283465320067,distr,,foc,,"843.41, 185.28","185.28, 361.91",77.55239777653077,11.47528924,,,,,0.6610381572619043,0.0316201666666666
3,7.363256328634761,3.4086592521361143,0.759666492597119,0.2982674279455586,485.4272135113801,48.50613706368774,38.90130774320467,distr,,foc,,"297.59, 133.19","133.19, 194.16",75.57385161297218,11.36612177,,,,,0.7994393980000005,0.022435
1,5.011700120636911,2.2538350887121275,0.5769026429119998,0.3197827534792934,520.1032652856385,30.289412539760335,36.023517150110926,distr,,foc,,"647.35, 191.87","191.87, 696.76",61.699556854309726,11.25152727,,,,,0.7976361535833337,0.3165580000000001
2,5.704812392357736,3.421431513398987,0.622765775304315,0.3041409616088419,344.1361114473306,41.00495543291687,77.73287026271224,distr,,foc,,"647.35, 191.87","191.87, 198.32",70.08065141917925,11.20475649,,,,,0.8759762505000007,0.143021125
2,6.070050295669212,3.334572806842206,0.6412604506745513,0.3063448678327919,341.83125939728,75.4438463827595,62.08483353913186,distr,,foc,,"647.35, 191.87","191.87, 198.32",76.3902037179602,11.15940283,,,,,0.8633966960000008,0.13662625
0,5.219587226865084,3.456204634155051,0.6621822016199412,0.3817436320247671,438.2194159211298,30.46400881054933,38.0163239447144,foc,,foc,,"4261.88, 758.2","758.2, 270.22",68.53758735163682,11.16930542,,,,,0.7953213168333338,0.091053869047619
0,5.219587226865084,3.456204634155051,0.6621822016199412,0.3817436320247671,438.2194159211298,30.46400881054933,38.0163239447144,foc,,foc,,"4261.88, 758.2","758.2, 270.22",68.53758735163682,11.16926877,,,,,0.7953213168333338,0.091053869047619
1,5.215391754987605,3.837589522614106,0.5004375494752584,0.3952242758196132,291.8151149166883,62.49998713876402,68.54670357220995,foc,,foc,,"402.89, 183.86","183.86, 270.22",50.40533467286605,11.09418635,,,,,0.6162808447133328,0.196503
0,5.219587226865084,3.456204634155051,0.6621822016199412,0.3817436320247671,438.2194159211298,30.46400881054933,38.0163239447144,foc,,foc,,"4261.88, 758.2","758.2, 270.22",68.53758735163682,11.16926877,,,,,0.7953213168333338,0.091053869047619
0,5.219587226865084,3.456204634155051,0.6621822016199412,0.3817436320247671,438.2194159211298,30.46400881054933,38.0163239447144,foc,,foc,,"4261.88, 758.2","758.2, 270.22",68.53758735163682,11.16926877,,,,,0.7953213168333338,0.091053869047619
1,7.235269310155649,3.891293458480492,0.5046113425861285,0.3947047383180144,293.3348960767834,30.07856384324675,98.54067268415184,free,,distr,,"378.77, 163.12","163.12, 255.25",62.2102298548337,11.38324365,,,,,0.4785501287099995,0.0869429999999999
1,7.252502946234337,3.8704141359495994,0.5180282644191104,0.3990475099081837,292.5384421079371,60.17554791635905,97.2152508240918,free,,distr,,"378.77, 163.12","163.12, 255.25",53.033466751396766,11.32375454,,,,,0.4554085898133329,0.1101875
1,7.419032745335133,3.870438154055349,0.5056511782061853,0.3868487537209139,296.4518917160022,58.463393763331794,99.60233033253232,free,,distr,,"378.77, 163.12","163.12, 255.25",51.26189903094776,11.26621843,,,,,0.4482935306866662,0.1130615
1,5.2098711752797335,2.0401951771191302,0.5010649084957836,0.3820901110512429,271.28969240611264,68.25076159930528,75.25232187957467,free,,free,,"615.86, 192.81","192.81, 759.64",65.42454062465224,12.32227142,,,,,0.5455016189999994,0.2846073333333335
1,5.164546208668579,3.85227409639167,0.5263872477960528,0.3909042295818745,278.622857728941,30.68508748142885,58.93236318217417,free,,free,,"615.86, 192.81","192.81, 217.54",61.09047536825174,12.28255262,,,,,0.816825332213334,0.0985865
1,5.025561078219461,2.1815115901399627,0.6894792026918255,0.2615887562259137,262.65067036123725,66.92515481421766,80.21152926707263,free,,free,,"537.9, 195.31","195.31, 759.79",72.54323818042764,12.32227979,,,,,0.3332711819999997,0.2828255000000002
1,6.335571749008342,3.920753193963563,0.5276893312403192,0.3904068715205962,293.1473535721568,62.65747013724149,53.76063900173083,free,,free,,"537.9, 195.31","195.31, 217.54",52.53140508348299,12.28256139,,,,,0.7057305948,0.0946139999999999
1,5.025561078219461,2.1815115901399627,0.6894792026918255,0.2615887562259137,262.65067036123725,66.92515481421766,80.21152926707263,free,,free,,"519.91, 196.0","196.0, 759.64",72.54323818042764,12.32228789,,,,,0.3332711819999997,0.2828255000000002
1,5.731448137501447,3.962645780049462,0.531721262800818,0.3991030807138158,296.0364722574405,59.12976681361988,94.79568822066258,free,,free,,"519.91, 196.0","196.0, 217.54",57.07473156907717,12.28256613,,,,,0.7476623458800004,0.0943149999999999
0,6.596854863446228,3.5604553674413624,0.5053702647798568,0.3406917340807276,473.4915186709835,78.3541310314385,30.135696497670303,distr,,distr,,"1975.07, 415.23","415.23, 246.63",81.07651926279972,11.74627951,,,,,0.4908176230899993,0.0193871833333333
0,6.596854863446228,3.5604553674413624,0.5053702647798568,0.3406917340807276,473.4915186709835,78.3541310314385,30.135696497670303,distr,,distr,,"1975.07, 415.23","415.23, 246.63",81.07651926279972,11.74625508,,,,,0.4908258853433327,0.0193871833333333
0,5.255545288966279,3.906340873502023,0.6776997245903258,0.3908787968625261,496.31508043633096,39.72997459394585,56.82661669581047,distr,,distr,,"246.95, 120.77","120.77, 246.63",54.84744804055358,11.70956329,,,,,0.8334277332857154,0.0273901666666666
0,5.2328122678732605,3.862531550222756,0.7310101350265883,0.3878626526138775,499.8026488592795,39.94524870252859,55.32320647403533,distr,,distr,,"245.91, 122.83","122.83, 246.63",66.29821797969262,11.67338544,,,,,0.8165923686190485,0.0177243333333333
0,6.596854863446228,3.5604553674413624,0.5053702647798568,0.3406917340807276,473.4915186709835,78.3541310314385,30.135696497670303,distr,,distr,,"1975.07, 415.23","415.23, 246.63",81.07651926279972,11.74625508,,,,,0.4908258853433327,0.0193871833333333
0,5.255545288966279,3.906340873502023,0.6776997245903258,0.3908787968625261,496.31508043633096,39.72997459394585,56.82661669581047,distr,,distr,,"246.95, 120.77","120.77, 246.63",54.84744804055358,11.70956403,,,,,0.8334277332857154,0.0273901666666666
0,5.2328122678732605,3.862531550222756,0.7310101350265883,0.3878626526138775,499.8026488592795,39.94524870252859,55.32320647403533,distr,,distr,,"245.91, 122.83","122.83, 246.63",66.29821797969262,11.67337228,,,,,0.8165923686190485,0.0177243333333333
0,6.596854863446228,3.5604553674413624,0.5053702647798568,0.3406917340807276,473.4915186709835,78.3541310314385,30.135696497670303,distr,,distr,,"1975.07, 415.23","415.23, 246.63",81.07651926279972,11.74625508,,,,,0.4908258853433327,0.0193871833333333
0,5.241077780691198,2.6979591975278487,0.6757277814374864,0.3933864497722698,508.0609311467607,38.08262986049545,53.15893455330048,distr,,distr,,"326.88, 162.15","162.15, 246.63",46.47433202838451,11.7095537,,,,,0.8300927141857151,0.0258078333333333
0,5.2328122678732605,3.862531550222756,0.7310101350265883,0.3878626526138775,499.8026488592795,39.94524870252859,55.32320647403533,distr,,distr,,"245.91, 122.83","122.83, 246.63",66.29821797969262,11.67336019,,,,,0.8165923686190485,0.0177243333333333
1,5.022225559721258,2.3904601995800343,0.524689980807572,0.3065431902077122,501.0425030110636,30.022060903821192,93.5315795566557,distr,,distr,,"693.8, 191.03","191.03, 750.93",57.30626911174488,11.17900699,,,,,0.7414649733333336,0.3080855000000002
2,6.352034939157065,3.3474866050757264,0.6162136174824313,0.2601177089761124,668.2055845740491,66.89408047662221,86.65992405410164,distr,,distr,,"693.8, 191.03","191.03, 194.84",76.02480014407195,11.13342642,,,,,0.8666554160000008,0.1171198333333332
1,6.717836424346486,2.527241998074332,0.5835415769521508,0.2775494550139134,511.0372411166437,30.06955624714981,76.43776897362153,distr,,distr,,"693.95, 190.17","190.17, 750.93",68.05832741895077,11.17901294,,,,,0.4975236949033332,0.2997729999999999
2,6.195623534871281,3.3899928337805423,0.6351481713401739,0.2544667336174926,336.30616939517733,68.67491784617374,50.81300144569604,distr,,distr,,"693.95, 190.17","190.17, 194.37",74.96924982433634,11.13343223,,,,,0.8415820530000008,0.1185073333333333
1,6.643664017393589,3.928849287404677,0.529647106976467,0.3827393154857486,447.555855304877,59.61334127423805,58.04713171232717,distr,,distr,,"785.76, 188.18","188.18, 195.5",61.86428399049718,11.17900699,,,,,0.8173453340000006,0.12539
1,6.638906912683766,3.867198532570205,0.5340055070508946,0.3940322343445595,309.4780067994085,65.78549019420096,67.74745665047757,free,,foc,,"836.12, 210.0","210.0, 178.4",60.19455322652843,11.24179038,,,,,0.8015508630000006,0.147205
1,6.337216849188917,3.924434021997741,0.5362040996288944,0.3275611712164498,338.0609423017572,61.303684972533446,90.0077019907969,free,,foc,,"817.12, 209.57","209.57, 178.4",70.58921568830034,11.24178579,,,,,0.8049726570000005,0.150222
1,6.661934033984959,3.843306353217349,0.5320963318508536,0.3895709117163018,276.80418964749265,62.76486066325951,88.67704079781518,free,,foc,,"830.12, 209.87","209.87, 177.88",50.21486302717078,11.24178958,,,,,0.7939230390000003,0.1467409999999999
0,5.028599437970133,3.727726857704962,0.5033084862123606,0.3513905097294288,456.1066637122406,52.74960103340422,94.6796426293669,foc,,free,,"1732.13, 371.8","371.8, 266.87",47.78510999311993,12.27885978,,,,,0.5724035762499993,0.0486421023809523
0,5.028599437970133,3.727726857704962,0.5033084862123606,0.3513905097294288,456.1066637122406,52.74960103340422,94.6796426293669,foc,,free,,"1732.13, 371.8","371.8, 266.87",47.78510999311993,12.27882619,,,,,0.5724035762499993,0.0486421023809523
0,5.028599437970133,3.727726857704962,0.5033084862123606,0.3513905097294288,456.1066637122406,52.74960103340422,94.6796426293669,foc,,free,,"1732.13, 371.8","371.8, 266.87",47.78510999311993,12.27882619,,,,,0.5724035762499993,0.0486421023809523
0,5.028599437970133,3.727726857704962,0.5033084862123606,0.3513905097294288,456.1066637122406,52.74960103340422,94.6796426293669,foc,,free,,"1732.13, 371.8","371.8, 266.87",47.78510999311993,12.27882619,,,,,0.5724035762499993,0.0486421023809523
0,5.147844373777055,2.176423749937767,0.6249716167522146,0.339409187481503,500.4177977848126,31.199601892024702,59.44882535993414,foc,,foc,,"3572.83, 278.65","278.65, 782.03",36.934125109984166,11.31752291,,,,,0.6681383198214281,0.0552844583333333
0,5.147844373777055,2.176423749937767,0.6249716167522146,0.339409187481503,500.4177977848126,31.199601892024702,59.44882535993414,foc,,foc,,"3572.83, 278.65","278.65, 782.03",36.934125109984166,11.31748321,,,,,0.6681383198214281,0.0552844583333333
0,7.4989804050928015,3.0855561899291244,0.7507074110030797,0.1608536806845802,509.2785504317257,43.915698623237056,48.719819587716174,foc,,foc,,"1404.45, 167.09","167.09, 782.03",78.69284771201576,11.263237,,,,,0.350591996308095,0.0275402666666666
3,6.719387109036734,3.7462318742935032,0.7236758642329143,0.3109909624308317,346.35999504068485,55.13598205172723,70.67652570149839,foc,,foc,,"500.38, 185.11","185.11, 194.38",77.61229507800735,11.21125183,,,,,0.9106474910000012,0.0298383
0,5.147844373777055,2.176423749937767,0.6249716167522146,0.339409187481503,500.4177977848126,31.199601892024702,59.44882535993414,foc,,foc,,"3572.83, 278.65","278.65, 782.03",36.934125109984166,11.31748321,,,,,0.6681383198214281,0.0552844583333333
0,5.330516280112265,3.9000945673539698,0.6965264884033099,0.3266279883598457,680.022142940072,57.78498040100873,38.821694980077226,foc,,foc,,"1405.24, 166.13","166.13, 782.03",70.98684331764146,11.26322504,,,,,0.6484335840952378,0.0426493166666666
3,6.091995433067821,3.828893687786088,0.7828624332296659,0.1837630835814863,259.0641490221493,86.65947710051394,56.96742886817393,foc,,foc,,"471.53, 185.7","185.7, 194.38",79.63082650849316,11.2112581,,,,,0.7276710681900002,0.0242761666666666
0,5.147844373777055,2.176423749937767,0.6249716167522146,0.339409187481503,500.4177977848126,31.199601892024702,59.44882535993414,foc,,foc,,"3572.83, 278.65","278.65, 782.03",36.934125109984166,11.31748321,,,,,0.6681383198214281,0.0552844583333333
0,5.1617462056165655,3.637848156578696,0.5865964057987959,0.3909409070418833,503.06407406022055,35.98034105088661,37.069813110472566,foc,,foc,,"1360.47, 168.56","168.56, 782.03",81.68897141732316,11.26323948,,,,,0.6953458040000001,0.0476947833333333
3,6.010345470432423,3.739367001778219,0.7295312313932704,0.1911304200278179,338.5759329646245,70.24049260497704,50.18263256022501,foc,,foc,,"487.52, 185.31","185.31, 194.38",81.7805357859827,11.21125759,,,,,0.8145283066900008,0.0263316666666666
0,6.610441979873713,2.1807451208712,0.6232195959301644,0.3945603699660485,502.982932055558,35.71632949422363,60.42621308645509,free,,free,,"4161.81, 215.39","215.39, 613.06",74.5772209901811,12.37729112,,,,,0.7166237712499999,0.0890952023809523
0,6.610441979873713,2.1807451208712,0.6232195959301644,0.3945603699660485,502.982932055558,35.71632949422363,60.42621308645509,free,,free,,"4161.81, 215.39","215.39, 613.06",74.5772209901811,12.37726363,,,,,0.7166237712499999,0.0890969023809523
1,5.211528608271557,2.876620851603172,0.5898805767632064,0.3901175004237706,286.5521739509701,31.6508722026938,96.13355873150054,free,,free,,"402.49, 174.57","174.57, 613.06",62.15610582640598,12.3013867,,,,,0.741025358,0.2430273750000001
0,6.610441979873713,2.1807451208712,0.6232195959301644,0.3945603699660485,502.982932055558,35.71632949422363,60.42621308645509,free,,free,,"4161.81, 215.39","215.39, 613.06",74.5772209901811,12.37726363,,,,,0.7166237712499999,0.0890969023809523
1,5.073472846794831,2.7259697617615952,0.5941774587997409,0.3900264549503349,286.4627674550886,38.049628570386496,99.27356899635744,free,,free,,"378.98, 174.24","174.24, 613.06",53.4123072605902,12.30137526,,,,,0.7160607189999998,0.2428193750000001
0,6.610441979873713,2.1807451208712,0.6232195959301644,0.3945603699660485,502.982932055558,35.71632949422363,60.42621308645509,free,,free,,"4161.81, 215.39","215.39, 613.06",74.5772209901811,12.37726363,,,,,0.7166237712499999,0.0890969023809523
1,5.075384696391692,3.805868344419453,0.599307654703125,0.3771600705296478,511.5459692361244,39.99292189259992,95.737986646141,free,,free,,"355.63, 173.8","173.8, 613.06",51.61605182724394,12.30137698,,,,,0.8246287225000009,0.251954375
0,5.034284060245044,3.7496024543471966,0.6268171702198461,0.3959406170868841,481.8850109121309,33.65818273134995,61.51650459219396,foc,,distr,,"4329.73, 386.37","386.37, 242.42",54.47486984319774,11.19477245,,,,,0.774587512021429,0.0756719916666666
0,5.034284060245044,3.7496024543471966,0.6268171702198461,0.3959406170868841,481.8850109121309,33.65818273134995,61.51650459219396,foc,,distr,,"4329.73, 386.37","386.37, 242.42",54.47486984319774,11.19472359,,,,,0.774587512021429,0.0756719916666666
0,5.069353007732554,3.4637187251719603,0.6505934517237777,0.3501067654940458,504.3936144017196,66.22484014430295,83.71843856530259,foc,,distr,,"2701.9, 163.62","163.62, 242.42",40.05095795783924,11.12844566,,,,,0.7333520467380953,0.0183725
0,7.419543607195636,3.4194244595085226,0.7076884502249995,0.215472464016317,590.3579734197564,71.6258279866096,81.8311999735702,foc,,distr,,"2701.9, 163.62","163.62, 242.42",77.77674705517377,11.11011799,,,,,0.3821648342376186,0.0082005
0,5.034284060245044,3.7496024543471966,0.6268171702198461,0.3959406170868841,481.8850109121309,33.65818273134995,61.51650459219396,foc,,distr,,"4329.73, 386.37","386.37, 242.42",54.47486984319774,11.19472359,,,,,0.774587512021429,0.0756719916666666
0,5.034284060245044,3.7496024543471966,0.6268171702198461,0.3959406170868841,481.8850109121309,33.65818273134995,61.51650459219396,foc,,distr,,"4329.73, 386.37","386.37, 242.42",54.47486984319774,11.19472359,,,,,0.774587512021429,0.0756719916666666
0,5.069353007732554,3.4637187251719603,0.6505934517237777,0.3501067654940458,504.3936144017196,66.22484014430295,83.71843856530259,foc,,distr,,"2701.9, 163.62","163.62, 242.42",40.05095795783924,11.12842676,,,,,0.7333520467380953,0.0183725
0,7.419543607195636,3.4194244595085226,0.7076884502249995,0.215472464016317,590.3579734197564,71.6258279866096,81.8311999735702,foc,,distr,,"2701.9, 163.62","163.62, 242.42",77.77674705517377,11.11012214,,,,,0.3821648342376186,0.0082005
1,6.785338695992924,3.725251294596832,0.513768320933474,0.3679323907993474,371.0218064161264,60.99817237244376,80.46601938218353,distr,,free,,"579.94, 193.98","193.98, 190.93",60.79514642394548,11.2203973,,,,,0.777910342666667,0.1359479999999999
1,5.258935761018674,2.7098291132665424,0.5282452104341916,0.3786592495143303,289.30022855714657,33.304625656607094,83.91954845334416,distr,,free,,"761.49, 187.5","187.5, 362.55",60.32444931941008,11.26011115,,,,,0.6868681699999998,0.199998
0,7.402432608888782,4.22744369444209,0.565224392434873,0.2052916782349891,500.54475138859686,33.1151980073523,31.689323697714794,distr,,distr,,"3077.84, 434.87","434.87, 710.51",79.89652539384439,12.17369301,,,,,0.2833812105933331,0.0469528369047619
0,7.402432608888782,4.22744369444209,0.565224392434873,0.2052916782349891,500.54475138859686,33.1151980073523,31.689323697714794,distr,,distr,,"3077.84, 434.87","434.87, 710.51",79.89652539384439,12.17365942,,,,,0.2833812105933331,0.0469528369047619
0,5.307315713411515,3.160530456846756,0.7654278173243584,0.2064001260409669,491.8431142979311,99.91925963413996,47.24149736424392,distr,,distr,,"266.1, 133.03","133.03, 710.51",70.84908382153138,12.08047081,,,,,0.3602810235833331,0.0133069999999999
0,7.402432608888782,4.22744369444209,0.565224392434873,0.2052916782349891,500.54475138859686,33.1151980073523,31.689323697714794,distr,,distr,,"3077.84, 434.87","434.87, 710.51",79.89652539384439,12.17365942,,,,,0.2833812105933331,0.0469528369047619
0,5.00944451520584,3.1773471359703254,0.7376241411885645,0.3236939300875087,454.7385486878175,35.64450975051541,47.709685243136825,distr,,distr,,"307.02, 136.11","136.11, 710.51",40.03138365707408,12.12664269,,,,,0.7609755305952385,0.0236688333333333
0,7.402432608888782,4.22744369444209,0.565224392434873,0.2052916782349891,500.54475138859686,33.1151980073523,31.689323697714794,distr,,distr,,"3077.84, 434.87","434.87, 710.51",79.89652539384439,12.17365942,,,,,0.2833812105933331,0.0469528369047619
0,5.00944451520584,3.1773471359703254,0.7376241411885645,0.3236939300875087,454.7385486878175,35.64450975051541,47.709685243136825,distr,,distr,,"309.89, 136.34","136.34, 710.51",40.03138365707408,12.12664269,,,,,0.7609755305952385,0.0236688333333333
0,7.333066298413595,3.3415225020650525,0.7661923380510336,0.1869776865642246,499.08538302511215,63.4999206273837,42.14002039376563,distr,,distr,,"302.06, 149.91","149.91, 710.51",85.26328402973806,12.0804672,,,,,0.3663723524638092,0.013076119047619
0,6.558752917424831,3.554145653077037,0.7323587894244988,0.3960850504631898,452.81238687488496,40.67922064965218,39.28861507685743,distr,,foc,,"387.72, 259.61","259.61, 408.94",46.64821536351896,12.39722587,,,,,0.6455433183119043,0.0223319285714285
0,6.558752917424831,3.554145653077037,0.7323587894244988,0.3960850504631898,452.81238687488496,40.67922064965218,39.28861507685743,distr,,foc,,"387.72, 259.61","259.61, 408.94",46.64821536351896,12.39720755,,,,,0.6455433183119043,0.0223319285714285
4,5.200276609171824,3.6998036867745183,0.5022320493634648,0.3865527475064335,278.8940232059636,57.75985976787003,57.82181503441931,distr,,foc,,"752.38, 229.39","229.39, 202.31",45.446578009628894,12.34536229,,,,,0.9085216870000012,0.0625236999999999
0,6.558752917424831,3.554145653077037,0.7323587894244988,0.3960850504631898,452.81238687488496,40.67922064965218,39.28861507685743,distr,,foc,,"387.72, 259.61","259.61, 408.94",46.64821536351896,12.39720755,,,,,0.6455433183119043,0.0223319285714285
4,6.562614241856329,3.791007164142204,0.709168417326083,0.385131322409438,250.5950405428481,59.33486982460165,92.63226105304376,distr,,foc,,"1241.96, 193.82","193.82, 201.67",45.44932149826771,12.34535941,,,,,0.9040212190000012,0.0467545
0,6.558752917424831,3.554145653077037,0.7323587894244988,0.3960850504631898,452.81238687488496,40.67922064965218,39.28861507685743,distr,,foc,,"387.72, 259.61","259.61, 408.94",46.64821536351896,12.39720755,,,,,0.6455433183119043,0.0223319285714285
4,7.330146865170529,3.9098809941722,0.6559677966012378,0.3950167983529731,268.40439443128724,94.43912064002085,89.12442649716745,distr,,foc,,"500.0, 200.0","200.0, 201.68",46.60901412530808,12.34537326,,,,,0.848290250000001,0.0491179999999999
2,5.220785336410348,3.5359055559170844,0.5980602486633454,0.3663108504665728,594.8431418241637,71.05254856869409,32.859803547085654,free,,distr,,"367.35, 171.6","171.6, 178.96",89.0241384941342,11.37072888,,,,,0.7714136279166671,0.0971528333333333
2,6.003499876444184,3.4414155999371583,0.6713882747813005,0.2451503705812374,647.6324070524975,49.271124409327,69.21803949525909,free,,distr,,"401.35, 199.96","199.96, 174.66",37.40011066970972,11.3707394,,,,,0.8571708360000008,0.1352329999999999
0,5.083912453894693,2.6080576967133537,0.6367815154132807,0.355319021743596,491.3670809759116,30.243044585370665,65.79077010312436,distr,,distr,,"3648.55, 292.68","292.68, 406.77",78.95566077473605,12.2023861,,,,,0.8252000255000007,0.0703768833333333
0,5.083912453894693,2.6080576967133537,0.6367815154132807,0.355319021743596,491.3670809759116,30.243044585370665,65.79077010312436,distr,,distr,,"3648.55, 292.68","292.68, 406.77",78.95566077473605,12.2023861,,,,,0.8252000255000007,0.0703768833333333
0,5.063730812512409,3.931247696951037,0.6052169892511482,0.3940972294354998,449.0911610226672,34.57868653723486,39.77874237525605,distr,,distr,,"3599.64, 770.47","770.47, 743.68",80.13781755535167,12.10548653,,,,,0.7590579537733335,0.0800866214285714
0,5.063730812512409,3.931247696951037,0.6052169892511482,0.3940972294354998,449.0911610226672,34.57868653723486,39.77874237525605,distr,,distr,,"3599.64, 770.47","770.47, 743.68",80.13781755535167,12.105456,,,,,0.7590579537733335,0.0800866214285714
0,5.205245273162388,2.840389490397069,0.6064000692550058,0.3490583452240722,465.036244146981,40.96536186620106,38.4025307801006,distr,,distr,,"1671.4, 165.13","165.13, 743.68",67.5391686652239,12.06146909,,,,,0.7360751440833333,0.0360561499999999
0,5.063730812512409,3.931247696951037,0.6052169892511482,0.3940972294354998,449.0911610226672,34.57868653723486,39.77874237525605,distr,,distr,,"3599.64, 770.47","770.47, 743.68",80.13781755535167,12.105456,,,,,0.7590579537733335,0.0800866214285714
1,5.056568161721474,2.2734528273657357,0.6758153821828887,0.3622067314289793,505.6940716775607,31.29940853872121,78.04668715665306,distr,,distr,,"659.56, 191.21","191.21, 533.09",59.04540681912169,12.01883739,,,,,0.8112005194285719,0.2120170000000001
0,5.063730812512409,3.931247696951037,0.6052169892511482,0.3940972294354998,449.0911610226672,34.57868653723486,39.77874237525605,distr,,distr,,"3599.64, 770.47","770.47, 743.68",80.13781755535167,12.105456,,,,,0.7590579537733335,0.0800866214285714
0,5.015312954123846,3.759305066420098,0.5423759209907132,0.3265047318699305,504.8925625692463,38.82682628472463,56.5784807546806,distr,,distr,,"1438.45, 168.03","168.03, 743.68",39.257722245079655,12.06147359,,,,,0.7424134745833338,0.041604625
0,7.470104940958271,3.2854073058821878,0.7205662098638947,0.3006646504890002,503.0493510334466,68.81063984818633,39.05102242381857,distr,,free,,"2011.81, 315.73","315.73, 482.03",76.56934269021001,11.45025736,,,,,0.4230688999352375,0.0103612916666666
0,7.470104940958271,3.2854073058821878,0.7205662098638947,0.3006646504890002,503.0493510334466,68.81063984818633,39.05102242381857,distr,,free,,"2011.81, 315.73","315.73, 482.03",76.56934269021001,11.45020851,,,,,0.4230688999352375,0.0103612916666666
0,7.46959901230678,3.398826863249707,0.7595391221026302,0.3209763099152805,458.06478156628776,43.152394280463405,54.362761224880224,distr,,free,,"314.92, 157.46","157.46, 482.03",80.2269072410961,11.31400422,,,,,0.610423074428571,0.0108447166666666
0,5.116985088288656,2.6906554143834343,0.7350520469735969,0.3831991201965329,502.4986285665047,40.92005955429372,59.15890422550935,distr,,free,,"314.92, 157.46","157.46, 482.03",80.86634840617187,11.24994104,,,,,0.7756514312452387,0.0133087999999999
0,7.470104940958271,3.2854073058821878,0.7205662098638947,0.3006646504890002,503.0493510334466,68.81063984818633,39.05102242381857,distr,,free,,"2011.81, 315.73","315.73, 482.03",76.56934269021001,11.45020851,,,,,0.4230688999352375,0.0103612916666666
0,5.7809451979105,2.9446757455041266,0.7619772513205098,0.3770543998771724,451.8177579437557,46.82960582343929,50.99243365621111,distr,,free,,"314.92, 157.45","157.45, 482.03",72.10063731414026,11.38093956,,,,,0.6788477744952378,0.0126218
0,5.116985088288656,2.6906554143834343,0.7350520469735969,0.3831991201965329,502.4986285665047,40.92005955429372,59.15890422550935,distr,,free,,"314.92, 157.46","157.46, 482.03",80.86634840617187,11.24995631,,,,,0.7756514312452387,0.0133087999999999
0,7.470104940958271,3.2854073058821878,0.7205662098638947,0.3006646504890002,503.0493510334466,68.81063984818633,39.05102242381857,distr,,free,,"2011.81, 315.73","315.73, 482.03",76.56934269021001,11.45020851,,,,,0.4230688999352375,0.0103612916666666
0,7.429976744142165,3.282211948341732,0.7428404882068882,0.3687079835545149,450.1328443230726,46.23435049455357,61.17788078870674,distr,,free,,"315.15, 157.0","157.0, 482.03",80.69940068473915,11.38091224,,,,,0.6226250510119044,0.0089038
0,7.46959901230678,3.398826863249707,0.7595391221026302,0.3209763099152805,458.06478156628776,43.152394280463405,54.362761224880224,distr,,free,,"314.92, 157.46","157.46, 482.03",80.2269072410961,11.31399812,,,,,0.610423074428571,0.0108447166666666
0,5.116985088288656,2.6906554143834343,0.7350520469735969,0.3831991201965329,502.4986285665047,40.92005955429372,59.15890422550935,distr,,free,,"314.92, 157.46","157.46, 482.03",80.86634840617187,11.24992863,,,,,0.7756514312452387,0.0133087999999999
0,5.048865298227046,3.4855134781055885,0.7426431120489368,0.1975463661406868,559.3667855233396,82.5037768558923,72.14007042594477,distr,,foc,,"897.86, 674.11","674.11, 774.62",82.61089413665121,11.4886091,,,,,0.4589931001666664,0.0366501273809523
0,5.048865298227046,3.4855134781055885,0.7426431120489368,0.1975463661406868,559.3667855233396,82.5037768558923,72.14007042594477,distr,,foc,,"897.86, 674.11","674.11, 774.62",82.61089413665121,11.48857856,,,,,0.4589931001666664,0.0366501273809523
1,7.003294349059058,2.117453522589667,0.5804011285033723,0.2573227316257515,634.2936740068267,34.42184702353036,83.13919508391882,distr,,foc,,"352.49, 184.13","184.13, 774.62",63.057036851761154,11.44581376,,,,,0.5476405167499996,0.2680930000000002
1,6.333683223634597,2.0025692096954466,0.5640557315036034,0.2593121621439023,266.68643695250864,38.42749261196341,92.99698962612192,distr,,foc,,"352.49, 184.13","184.13, 774.62",58.33665116427107,11.40491788,,,,,0.1328782230000001,0.2579285
0,5.048865298227046,3.4855134781055885,0.7426431120489368,0.1975463661406868,559.3667855233396,82.5037768558923,72.14007042594477,distr,,foc,,"897.86, 674.11","674.11, 774.62",82.61089413665121,11.48857856,,,,,0.4589931001666664,0.0366501273809523
1,5.002299756232592,2.150257783184589,0.503788969572452,0.3958577017627959,265.33018593490726,68.2405559337318,93.27277754520668,distr,,foc,,"188.14, 181.53","181.53, 774.62",64.62986045464407,11.44581712,,,,,0.5191671224999994,0.2623810000000001
1,5.060868070714268,2.0928079359650207,0.5629584206205653,0.256856398964533,688.185376118769,34.01345249156448,98.84774724551744,distr,,foc,,"351.05, 183.39","183.39, 774.62",58.4316530778233,11.40493944,,,,,0.6258666672499996,0.2732595000000001
0,5.048865298227046,3.4855134781055885,0.7426431120489368,0.1975463661406868,559.3667855233396,82.5037768558923,72.14007042594477,distr,,foc,,"897.86, 674.11","674.11, 774.62",82.61089413665121,11.48857856,,,,,0.4589931001666664,0.0366501273809523
0,5.039995327321126,2.0476565174056645,0.7261789396875263,0.253210860276073,608.2568469896648,71.2687307331268,70.3537236011735,distr,,foc,,"353.96, 179.72","179.72, 774.62",74.36712543890303,11.44580982,,,,,0.6603516800714283,0.0166300833333333
0,5.130371627559654,2.091262568973724,0.7638153118242995,0.2390639462478692,462.6082691407855,99.4511030108418,68.55409929343067,distr,,foc,,"354.9, 177.76","177.76, 774.62",79.52420010806911,11.40492475,,,,,0.4796128143447617,0.0128015833333333
0,7.463373649769202,4.2530741305108855,0.6596844040774711,0.2821304371575588,383.8840994430726,33.296105959771424,45.33577619231429,foc,,distr,,"3092.65, 564.46","564.46, 767.06",76.74051400391288,11.22180194,,,,,0.3776151695326664,0.0433348345238095
0,5.118225774556914,4.149194763543008,0.7536099658719465,0.3273905095438865,503.08740038455846,39.45502081197885,35.884344196858656,foc,,distr,,"3092.65, 564.46","564.46, 767.06",62.11442571134862,11.22179293,,,,,0.5962168851785709,0.058299294047619
0,5.03443581988994,2.1479258476121537,0.6250473759796848,0.3964600642950949,284.96494115737374,62.46366993829047,95.5704690574134,foc,,distr,,"3754.34, 789.02","789.02, 363.53",79.16762162815014,11.15692158,,,,,0.6010905823999994,0.0816120083333333
0,5.03443581988994,2.1479258476121537,0.6250473759796848,0.3964600642950949,284.96494115737374,62.46366993829047,95.5704690574134,foc,,distr,,"3754.34, 789.02","789.02, 363.53",79.16762162815014,11.15689104,,,,,0.6010905823999994,0.0816120083333333
0,5.03443581988994,2.1479258476121537,0.6250473759796848,0.3964600642950949,284.96494115737374,62.46366993829047,95.5704690574134,foc,,distr,,"3754.34, 789.02","789.02, 363.53",79.16762162815014,11.15689104,,,,,0.6010905823999994,0.0816120083333333
0,5.03443581988994,2.1479258476121537,0.6250473759796848,0.3964600642950949,284.96494115737374,62.46366993829047,95.5704690574134,foc,,distr,,"3754.34, 789.02","789.02, 363.53",79.16762162815014,11.15689104,,,,,0.6010905823999994,0.0816120083333333
0,5.170146897245189,3.2969093687595445,0.7395827707142185,0.3909311011763546,499.2172190328832,82.4455397821466,39.25299624432032,distr,,free,,"139.62, 401.64","401.64, 253.99",83.48617921063787,11.47098319,,,,,0.7365652990619048,0.0178303833333333
0,5.170146897245189,3.2969093687595445,0.7395827707142185,0.3909311011763546,499.2172190328832,82.4455397821466,39.25299624432032,distr,,free,,"139.62, 401.64","401.64, 253.99",83.48617921063787,11.47096181,,,,,0.7365652990619048,0.0178303833333333
0,5.170146897245189,3.2969093687595445,0.7395827707142185,0.3909311011763546,499.2172190328832,82.4455397821466,39.25299624432032,distr,,free,,"139.62, 401.64","401.64, 253.99",83.48617921063787,11.47096181,,,,,0.7365652990619048,0.0178303833333333
0,5.170146897245189,3.2969093687595445,0.7395827707142185,0.3909311011763546,499.2172190328832,82.4455397821466,39.25299624432032,distr,,free,,"139.62, 401.64","401.64, 253.99",83.48617921063787,11.47096181,,,,,0.7365652990619048,0.0178303833333333
0,7.366234052382706,3.4273335632194346,0.6778076208617031,0.2028655744969525,565.0198787334409,83.12829808168631,35.95537012777673,distr,,distr,,"3052.09, 573.87","573.87, 421.63",82.45480802009995,11.83098282,,,,,0.2738757165466663,0.0190164583333333
0,7.366234052382706,3.4273335632194346,0.6778076208617031,0.2028655744969525,565.0198787334409,83.12829808168631,35.95537012777673,distr,,distr,,"3052.09, 573.87","573.87, 421.63",82.45480802009995,11.8309645,,,,,0.2738757165466663,0.0190164583333333
0,6.737473917106389,3.3101161282476568,0.7508468599666454,0.2997099956685536,501.6618192129649,45.965356156382015,59.24572581381848,distr,,distr,,"365.17, 177.35","177.35, 421.63",83.44933464462588,11.80522617,,,,,0.649572747678571,0.009033
0,5.251269016061433,2.647801132087133,0.6911567875926237,0.36419972986729,498.543783239087,48.493039550888696,53.57513156496566,distr,,distr,,"317.52, 158.49","158.49, 421.63",40.3680504713503,11.75628741,,,,,0.8175515184523817,0.0247814166666666
0,7.366234052382706,3.4273335632194346,0.6778076208617031,0.2028655744969525,565.0198787334409,83.12829808168631,35.95537012777673,distr,,distr,,"3052.09, 573.87","573.87, 421.63",82.45480802009995,11.8309645,,,,,0.2738757165466663,0.0190164583333333
0,5.127240126493347,2.966180837134268,0.6855739320706448,0.384379685191311,437.31581878003647,37.42463153932083,53.0152991030981,distr,,distr,,"1125.36, 176.85","176.85, 421.63",78.97720171496996,11.80522631,,,,,0.8151227012619053,0.031696575
0,7.047127916148265,3.042055824297869,0.7754268918011632,0.2662939434945731,504.805004009899,85.38449913530403,42.31946093162933,distr,,distr,,"365.83, 177.38","177.38, 421.63",83.17299214362613,11.78094462,,,,,0.4666444809899998,0.0090582857142857
0,5.242058000338554,3.383795432422962,0.7443155971898685,0.2336219770211157,467.5321344029288,60.77175861945853,54.61164393938545,distr,,distr,,"318.71, 157.47","157.47, 421.63",80.76925459723594,11.75629253,,,,,0.4934141115942854,0.0110701666666666
0,7.366234052382706,3.4273335632194346,0.6778076208617031,0.2028655744969525,565.0198787334409,83.12829808168631,35.95537012777673,distr,,distr,,"3052.09, 573.87","573.87, 421.63",82.45480802009995,11.8309645,,,,,0.2738757165466663,0.0190164583333333
0,5.132972238296839,3.2035338677817107,0.7472079813173462,0.3953199894178016,274.0015170092979,57.71167137816647,53.97697894592006,distr,,distr,,"1153.18, 179.67","179.67, 421.63",75.0117400599029,11.80522533,,,,,0.6272011333333326,0.0261591333333333
4,6.726799751796534,3.69984236448789,0.546013894438346,0.3845309596265766,294.52288950944313,87.55511965386452,61.561989377255486,distr,,distr,,"739.25, 188.2","188.2, 203.17",44.21435794033748,11.75626084,,,,,0.8547938823333341,0.0597573999999999
0,5.135304462872336,3.354900827007117,0.5423777651841596,0.3872639158755489,500.8183796602289,32.69255580592519,41.46973467369855,distr,,distr,,"833.55, 205.47","205.47, 681.42",81.4233351162239,11.42254907,,,,,0.813479110833334,0.0446452511904761
0,5.135304462872336,3.354900827007117,0.5423777651841596,0.3872639158755489,500.8183796602289,32.69255580592519,41.46973467369855,distr,,distr,,"833.55, 205.47","205.47, 681.42",81.4233351162239,11.4225277,,,,,0.813479110833334,0.0446452511904761
0,5.135304462872336,3.354900827007117,0.5423777651841596,0.3872639158755489,500.8183796602289,32.69255580592519,41.46973467369855,distr,,distr,,"833.55, 205.47","205.47, 681.42",81.4233351162239,11.4225277,,,,,0.813479110833334,0.0446452511904761
0,5.020816814315053,3.084598651641628,0.7595059727119817,0.3667111883737147,501.5649669587595,39.55159266266061,50.44791314444953,distr,,distr,,"272.51, 136.17","136.17, 681.42",45.99309973932976,11.35922609,,,,,0.7796415427619052,0.0181753333333333
0,5.135304462872336,3.354900827007117,0.5423777651841596,0.3872639158755489,500.8183796602289,32.69255580592519,41.46973467369855,distr,,distr,,"833.55, 205.47","205.47, 681.42",81.4233351162239,11.4225277,,,,,0.813479110833334,0.0446452511904761
0,5.128195116251603,2.6933877964619324,0.6815750754075558,0.3732935481039509,533.298225527984,43.11108263444028,60.37356100839107,distr,,distr,,"272.51, 136.17","136.17, 681.42",45.16870296515306,11.3906929,,,,,0.8165523061619058,0.0283853333333333
0,5.020816814315053,3.084598651641628,0.7595059727119817,0.3667111883737147,501.5649669587595,39.55159266266061,50.44791314444953,distr,,distr,,"272.48, 136.23","136.23, 681.42",45.99309973932976,11.35924282,,,,,0.7796415427619052,0.0181753333333333
0,6.340691972870522,2.306044270394478,0.5417323305771449,0.3709353920510504,417.4085832051534,60.63222284424846,42.93441001961942,foc,,foc,,"1972.4, 260.47","260.47, 306.47",72.00833546971154,11.40080846,,,,,0.6294188381833329,0.0190199666666666
0,6.340691972870522,2.306044270394478,0.5417323305771449,0.3709353920510504,417.4085832051534,60.63222284424846,42.93441001961942,foc,,foc,,"1972.4, 260.47","260.47, 306.47",72.00833546971154,11.40078403,,,,,0.6294188381833329,0.0190199666666666
0,5.144423166490957,2.672579589013196,0.6768026707519478,0.3907544603115916,505.26315548821134,68.9302174677428,59.20960150676244,foc,,foc,,"339.56, 166.71","166.71, 306.47",43.206847034969485,11.36650142,,,,,0.762246761161905,0.0246778791666666
0,6.952070325240003,3.3750637813728672,0.7185944693654959,0.296242179066163,504.91062083834817,63.74815269547838,58.62836743569694,foc,,foc,,"339.56, 166.71","166.71, 306.47",80.01587886288917,11.33327319,,,,,0.6658041306785709,0.0139299624999999
0,6.340691972870522,2.306044270394478,0.5417323305771449,0.3709353920510504,417.4085832051534,60.63222284424846,42.93441001961942,foc,,foc,,"1972.4, 260.47","260.47, 306.47",72.00833546971154,11.40078403,,,,,0.6294188381833329,0.0190199666666666
0,5.144423166490957,2.672579589013196,0.6768026707519478,0.3907544603115916,505.26315548821134,68.9302174677428,59.20960150676244,foc,,foc,,"339.56, 166.71","166.71, 306.47",43.206847034969485,11.36650278,,,,,0.762246761161905,0.0246778791666666
0,6.952070325240003,3.3750637813728672,0.7185944693654959,0.296242179066163,504.91062083834817,63.74815269547838,58.62836743569694,foc,,foc,,"339.56, 166.71","166.71, 306.47",80.01587886288917,11.3332773,,,,,0.6658041306785709,0.0139299624999999
0,6.340691972870522,2.306044270394478,0.5417323305771449,0.3709353920510504,417.4085832051534,60.63222284424846,42.93441001961942,foc,,foc,,"1972.4, 260.47","260.47, 306.47",72.00833546971154,11.40078403,,,,,0.6294188381833329,0.0190199666666666
0,5.144423166490957,2.672579589013196,0.6768026707519478,0.3907544603115916,505.26315548821134,68.9302174677428,59.20960150676244,foc,,foc,,"339.56, 166.71","166.71, 306.47",43.206847034969485,11.36650144,,,,,0.762246761161905,0.0246778791666666
0,6.952070325240003,3.3750637813728672,0.7185944693654959,0.296242179066163,504.91062083834817,63.74815269547838,58.62836743569694,foc,,foc,,"339.56, 166.71","166.71, 306.47",80.01587886288917,11.33327926,,,,,0.6658041306785709,0.0139299624999999
0,5.039137537363786,2.841735492673898,0.7330213088223619,0.3442152533501796,520.4364292647933,30.34401329117032,33.87583812637108,distr,,distr,,"3013.23, 370.06","370.06, 298.47",82.05734228041577,11.57685844,,,,,0.7555444199785717,0.02341045
0,5.039137537363786,2.841735492673898,0.7330213088223619,0.3442152533501796,520.4364292647933,30.34401329117032,33.87583812637108,distr,,distr,,"3013.23, 370.06","370.06, 298.47",82.05734228041577,11.57682179,,,,,0.7555444199785717,0.02341045
0,5.087532706850894,2.262110207237748,0.6116140012083161,0.3635144025532819,502.4680953826256,30.387514669431688,36.31355463221263,distr,,free,,"4377.5, 337.95","337.95, 597.02",78.37025971921291,11.80192087,,,,,0.815524350833334,0.0705357107142857
0,5.087532706850894,2.262110207237748,0.6116140012083161,0.3635144025532819,502.4680953826256,30.387514669431688,36.31355463221263,distr,,free,,"4377.5, 337.95","337.95, 597.02",78.37025971921291,11.80190255,,,,,0.815524350833334,0.0705357107142857
0,5.077405393157676,3.384461486451137,0.6005522943824754,0.3873310859561961,466.6756153790075,40.44232175616851,61.52700357164974,distr,,free,,"3519.63, 167.08","167.08, 597.02",52.91672955360211,11.77433567,,,,,0.8634312070000009,0.0605948333333333
0,6.058840455197816,2.779457019896883,0.6643977748435651,0.3918213329408576,438.6020117607395,40.78811146695582,59.77268986007024,distr,,free,,"2152.64, 163.55","163.55, 597.02",81.57335807008499,11.74705359,,,,,0.7344740641499999,0.0225898249999999
0,5.087532706850894,2.262110207237748,0.6116140012083161,0.3635144025532819,502.4680953826256,30.387514669431688,36.31355463221263,distr,,free,,"4377.5, 337.95","337.95, 597.02",78.37025971921291,11.80190255,,,,,0.815524350833334,0.0705357107142857
0,6.860427830420004,3.395422649296184,0.6384715110465338,0.3248231694199204,506.8040182086863,39.295381815201104,60.51260602069658,distr,,free,,"3225.64, 164.78","164.78, 597.02",77.31234222020696,11.77432966,,,,,0.7390835599166665,0.0329662666666666
0,6.886055019750047,2.91660912402838,0.7112570806615913,0.3463915321137629,472.0486491101937,44.1543379576292,50.96560997850124,distr,,free,,"2119.64, 163.77","163.77, 597.02",79.18060872463482,11.74705063,,,,,0.648739629328571,0.0149470083333333
0,5.087532706850894,2.262110207237748,0.6116140012083161,0.3635144025532819,502.4680953826256,30.387514669431688,36.31355463221263,distr,,free,,"4377.5, 337.95","337.95, 597.02",78.37025971921291,11.80190255,,,,,0.815524350833334,0.0705357107142857
0,5.119256912900796,3.124519197612022,0.6124463811441876,0.3663477529104585,450.9049065275789,31.16635489944174,59.91695230828788,distr,,free,,"3559.63, 167.4","167.4, 597.02",50.76088030739555,11.77432966,,,,,0.8465113450000007,0.0572092083333333
0,7.416671036103483,3.2872873964021068,0.70650353160359,0.2427074686566597,468.43660688249855,52.329906211888144,55.433500251768535,distr,,free,,"1561.64, 163.51","163.51, 597.02",83.5131622820003,11.74703686,,,,,0.3957099265071424,0.0219194583333333
2,5.704746608939709,3.5935987952525035,0.6705064692178038,0.3278435915911131,337.0697370124631,51.19766688308973,79.36307496118401,distr,,distr,,"278.17, 163.22","163.22, 192.59",76.547157333058,11.61137592,,,,,0.8334675260000004,0.101056
2,5.704746608939709,3.5935987952525035,0.6705064692178038,0.3278435915911131,337.0697370124631,51.19766688308973,79.36307496118401,distr,,distr,,"278.17, 163.22","163.22, 192.59",76.547157333058,11.56638934,,,,,0.8334675260000004,0.101056
2,5.030074170344035,3.2322824612948926,0.5633903182588007,0.3401746160621426,509.7032293090367,33.37760208979603,44.22795631546101,distr,,distr,,"106.39, 414.63","414.63, 280.39",77.15148326245053,11.56638141,,,,,0.7837667782500004,0.097245
0,6.921760087619701,3.5464798900114127,0.7691827445939161,0.3258581763812788,489.777081026896,69.14526711939689,31.035650035057373,foc,,distr,,"169.43, 713.47","713.47, 215.79",83.48223658074865,11.34367308,,,,,0.5008273553969042,0.0168082773809523
0,6.921760087619701,3.5464798900114127,0.7691827445939161,0.3258581763812788,489.777081026896,69.14526711939689,31.035650035057373,foc,,distr,,"169.43, 713.47","713.47, 215.79",83.48223658074865,11.34362422,,,,,0.5008273553969042,0.0168082773809523
4,6.401547534536573,3.863219092281293,0.5946211958032891,0.3271018451142446,585.7401239573618,58.552589802814175,89.05601129840461,foc,,distr,,"313.23, 326.62","326.62, 197.78",39.01414916652228,11.27493409,,,,,0.882813858500001,0.0698170833333333
4,6.7883377144201305,3.832317000894231,0.7238826158298406,0.3852969225370392,262.0635741196406,68.42628504115518,59.79811298544045,foc,,distr,,"1252.41, 250.26","250.26, 197.78",49.89000282416491,11.20856992,,,,,0.8823370045000012,0.0538014
0,6.921760087619701,3.5464798900114127,0.7691827445939161,0.3258581763812788,489.777081026896,69.14526711939689,31.035650035057373,foc,,distr,,"169.43, 713.47","713.47, 215.79",83.48223658074865,11.34362422,,,,,0.5008273553969042,0.0168082773809523
4,6.480238202089713,3.70275099023693,0.6777815238396344,0.3251011763690541,633.1288411368889,87.75194892139785,69.97865744098499,foc,,distr,,"1261.03, 308.2","308.2, 199.82",39.70747765092809,11.20857187,,,,,0.8569218820000011,0.0633224583333333
0,6.921760087619701,3.5464798900114127,0.7691827445939161,0.3258581763812788,489.777081026896,69.14526711939689,31.035650035057373,foc,,distr,,"169.43, 713.47","713.47, 215.79",83.48223658074865,11.34362422,,,,,0.5008273553969042,0.0168082773809523
1,7.153022129457731,3.8434970833068345,0.5203722436485794,0.2413310287571897,698.8695186997351,64.73446416728684,98.90233948116504,foc,,distr,,"122.33, 376.75","376.75, 188.31",59.87688875328803,11.27493241,,,,,0.7435451704999998,0.1324874999999999
1,5.257319270865696,3.8925193126110695,0.6065448459252734,0.38214684815093,295.1067470859249,75.63213146799782,86.0753087079528,foc,,distr,,"122.33, 376.75","376.75, 188.31",76.93132485505636,11.20858266,,,,,0.8118815076666672,0.13232
